日期,开盘价,收盘价,最高价,最低价,成交量,成交额,振幅（%）,涨跌幅（%）,涨跌额,换手率（%）
2026-08-31,230.15,230.15,230.16,230.14,71863364,72009916161.00,0.01%,0.02%,0.04,0.00%
2026-08-28,230.16,230.11,230.16,230.08,93294555,93514319599.00,0.03%,-0.01%,-0.03,0.00%
2026-08-27,230.26,230.14,230.30,230.14,93938976,94367360058.00,0.07%,-0.04%,-0.10,0.00%
2026-08-26,230.31,230.24,230.33,230.23,80493087,81071026693.00,0.04%,-0.03%,-0.06,0.00%
2026-08-25,230.29,230.30,230.33,230.27,71726601,72375408148.00,0.03%,0.01%,0.02,0.00%
2026-08-24,230.22,230.28,230.28,230.22,70660152,71268415381.00,0.03%,0.04%,0.10,0.00%
2026-08-21,230.16,230.18,230.19,230.15,72981234,73626972011.00,0.02%,0.02%,0.04,0.00%
2026-08-20,230.24,230.14,230.24,230.10,81417824,82045845741.00,0.06%,-0.04%,-0.09,0.00%
2026-08-19,230.25,230.23,230.26,230.20,61758552,62311406427.00,0.03%,0.00%,-0.01,0.00%
2026-08-18,230.14,230.24,230.25,230.14,76532732,77114985822.00,0.05%,0.05%,0.11,0.00%
2026-08-17,230.15,230.13,230.16,230.11,67552226,67991956308.00,0.02%,0.01%,0.02,0.00%
2026-08-14,230.03,230.11,230.11,230.02,78162297,78650920683.00,0.04%,0.04%,0.09,0.00%
2026-08-13,229.91,230.02,230.03,229.91,95728352,96220381912.00,0.05%,0.05%,0.12,0.00%
2026-08-12,229.91,229.90,229.92,229.84,94023776,94404689160.00,0.03%,0.00%,0.00,0.00%
2026-08-11,229.82,229.90,229.92,229.78,95191708,95640354341.00,0.06%,0.04%,0.10,0.00%
2026-08-10,229.73,229.80,229.82,229.68,72119685,72436420718.00,0.06%,0.05%,0.11,0.00%
2026-08-07,229.61,229.69,229.70,229.60,53780514,53885517799.00,0.04%,0.04%,0.10,0.00%
2026-08-06,229.61,229.59,229.63,229.58,67827894,68017043355.00,0.02%,0.00%,-0.01,0.00%
2026-08-05,229.61,229.60,229.63,229.56,68511676,68755601198.00,0.03%,0.00%,0.00,0.00%
2026-08-04,229.54,229.60,229.62,229.52,88199888,88425035500.00,0.04%,0.03%,0.07,0.00%
2026-08-03,229.50,229.53,229.53,229.49,104355007,104591863446.00,0.02%,0.03%,0.08,0.00%
2026-07-31,229.33,229.45,229.47,229.33,134063756,134313344460.00,0.06%,0.06%,0.14,0.00%
2026-07-30,229.18,229.31,229.38,229.17,88891247,89018061988.00,0.09%,0.07%,0.15,0.00%
2026-07-29,229.16,229.16,229.24,229.15,75914509,76068410254.00,0.04%,0.00%,0.01,0.00%
2026-07-28,229.15,229.15,229.15,229.09,71889199,71904964180.00,0.03%,0.00%,0.01,0.00%
2026-07-27,229.06,229.14,229.15,229.06,76995067,77089315996.00,0.04%,0.06%,0.13,0.00%
2026-07-24,229.00,229.01,229.04,228.98,81430497,81598751145.00,0.03%,0.01%,0.02,0.00%
2026-07-23,228.89,228.99,229.02,228.89,93800527,93860889653.00,0.06%,0.06%,0.13,0.00%
2026-07-22,228.71,228.86,228.89,228.70,90517048,90519203140.00,0.08%,0.07%,0.16,0.00%
2026-07-21,228.68,228.70,228.70,228.66,84243782,84164157685.00,0.02%,0.01%,0.03,0.00%
2026-07-20,228.66,228.67,228.70,228.63,88384552,88329315533.00,0.03%,0.02%,0.05,0.00%
2026-07-17,228.55,228.62,228.63,228.54,82824126,82785317961.00,0.04%,0.04%,0.09,0.00%
2026-07-16,228.60,228.53,228.60,228.51,84716706,84751145879.00,0.04%,-0.02%,-0.05,0.00%
2026-07-15,228.58,228.58,228.61,228.55,63860284,63889288902.00,0.03%,0.00%,0.01,0.00%
2026-07-14,228.56,228.57,228.57,228.49,92024234,92086346829.00,0.04%,0.01%,0.03,0.00%
2026-07-13,228.54,228.54,228.55,228.52,85301860,85333484100.00,0.01%,0.02%,0.04,0.00%
2026-07-10,228.48,228.50,228.53,228.47,98292775,98223776967.00,0.03%,0.01%,0.03,0.00%
2026-07-09,228.47,228.47,228.49,228.45,103164668,103226745600.00,0.02%,0.00%,0.01,0.00%
2026-07-08,228.37,228.46,228.47,228.37,117830739,117742173712.00,0.04%,0.04%,0.10,0.00%
2026-07-07,228.35,228.36,228.39,228.35,81093986,81128014256.00,0.02%,0.01%,0.02,0.00%
2026-07-06,228.30,228.34,228.35,228.28,91319548,91372164906.00,0.03%,0.04%,0.08,0.00%
2026-07-03,228.28,228.26,228.28,228.24,72799452,72701461591.00,0.02%,0.00%,-0.01,0.00%
2026-07-02,228.23,228.27,228.28,228.22,85158785,84661997846.00,0.03%,0.03%,0.06,0.00%
2026-07-01,228.35,228.21,228.35,228.19,65092312,64699156674.00,0.07%,-0.05%,-0.12,0.00%
2026-06-30,228.45,228.33,228.45,228.32,32006959,31847841562.00,0.06%,-0.04%,-0.10,0.00%
2026-06-29,228.31,228.43,228.45,228.31,67555604,67595436134.00,0.06%,0.07%,0.16,0.00%
2026-06-26,228.21,228.27,228.28,228.21,74786918,74822828128.00,0.03%,0.04%,0.08,0.00%
2026-06-25,228.14,228.19,228.26,228.14,81365597,81351069792.00,0.05%,0.03%,0.06,0.00%
2026-06-24,228.13,228.13,228.14,228.11,94767023,94758624443.00,0.01%,0.00%,0.01,0.00%
2026-06-23,228.20,228.12,228.20,228.12,74191074,74023271655.00,0.04%,-0.03%,-0.07,0.00%
2026-06-22,228.19,228.19,228.22,228.15,90116219,89942022165.00,0.03%,0.02%,0.05,0.00%
2026-06-18,228.11,228.14,228.17,228.10,70379347,70244068856.00,0.03%,0.02%,0.05,0.00%
2026-06-17,228.04,228.09,228.12,228.04,84755941,84460210443.00,0.04%,0.03%,0.07,0.00%
2026-06-16,227.96,228.02,228.03,227.91,107766634,107621454012.00,0.05%,0.04%,0.08,0.00%
2026-06-15,227.88,227.94,227.95,227.86,96062882,96118007536.00,0.04%,0.04%,0.10,0.00%
2026-06-12,227.82,227.84,227.87,227.80,110180341,110070405486.00,0.03%,0.01%,0.03,0.00%
2026-06-11,227.86,227.81,227.86,227.79,105696637,105432827384.00,0.03%,-0.02%,-0.04,0.00%
2026-06-10,228.00,227.85,228.03,227.81,117094626,117020564379.00,0.10%,-0.06%,-0.13,0.00%
2026-06-09,228.02,227.98,228.04,227.96,96446501,96088376777.00,0.04%,-0.01%,-0.03,0.00%
2026-06-08,228.09,228.01,228.09,227.99,87860911,87647057792.00,0.04%,-0.01%,-0.03,0.00%
2026-06-05,228.09,228.04,228.10,228.03,74617628,74580296660.00,0.03%,-0.01%,-0.03,0.00%
2026-06-04,228.00,228.07,228.09,227.89,86009873,86002658518.00,0.09%,0.04%,0.08,0.00%
2026-06-03,228.03,227.99,228.03,227.96,81641255,81757229777.00,0.03%,-0.01%,-0.02,0.00%
2026-06-02,227.99,228.01,228.02,227.97,73508355,73410671626.00,0.02%,0.01%,0.03,0.00%
2026-06-01,227.84,227.98,228.00,227.84,57752359,57930493958.00,0.07%,0.08%,0.18,0.00%
2026-05-29,227.76,227.80,227.82,227.71,52021420,52158632314.00,0.05%,0.03%,0.06,0.00%
2026-05-28,227.66,227.74,227.76,227.66,40748663,40740098116.00,0.04%,0.04%,0.10,0.00%
2026-05-27,227.59,227.64,227.65,227.58,50501542,50430947637.00,0.03%,0.03%,0.07,0.00%
2026-05-26,227.45,227.57,227.58,227.44,38740596,38630574347.00,0.06%,0.06%,0.13,0.00%
2026-05-25,227.43,227.44,227.47,227.37,38650777,38481742988.00,0.04%,0.02%,0.05,0.00%
2026-05-22,227.29,227.39,227.40,227.29,45588268,45505104601.00,0.05%,0.05%,0.11,0.00%
2026-05-21,227.32,227.28,227.34,227.26,60697434,60607626723.00,0.04%,-0.01%,-0.02,0.00%
2026-05-20,227.26,227.30,227.31,227.23,51944044,51796197325.00,0.04%,0.03%,0.06,0.00%
2026-05-19,227.16,227.24,227.26,227.16,56281078,56166331302.00,0.04%,0.04%,0.09,0.00%
2026-05-18,227.10,227.15,227.15,227.02,36654388,36487315721.00,0.06%,0.04%,0.09,0.00%
2026-05-15,227.12,227.06,227.16,227.03,74071206,73869771570.00,0.06%,-0.02%,-0.05,0.00%
2026-05-14,227.18,227.11,227.20,227.11,51467203,51248575931.00,0.04%,-0.02%,-0.05,0.00%
2026-05-13,227.14,227.16,227.19,227.12,65498060,65463013467.00,0.03%,0.02%,0.04,0.00%
2026-05-12,227.02,227.12,227.15,227.02,63325769,63291807103.00,0.06%,0.05%,0.12,0.00%
2026-05-11,227.00,227.00,227.03,226.89,57085715,57071230612.00,0.06%,0.02%,0.04,0.00%
2026-05-08,226.92,226.96,226.99,226.91,63317292,63367668683.00,0.04%,0.03%,0.06,0.00%
2026-05-07,226.94,226.90,226.94,226.89,64267019,64204066913.00,0.02%,-0.01%,-0.03,0.00%
2026-05-06,227.09,226.93,227.09,226.91,43717250,43760063742.00,0.08%,-0.03%,-0.07,0.00%
2026-04-30,227.00,227.00,227.02,226.95,35873331,35917841700.00,0.03%,0.00%,0.01,0.00%
2026-04-29,226.97,226.99,227.01,226.93,64113643,64200721555.00,0.04%,0.01%,0.03,0.00%
2026-04-28,226.93,226.96,226.99,226.93,64985024,65113559367.00,0.03%,0.02%,0.05,0.00%
2026-04-27,227.13,226.91,227.13,226.89,62704742,62840007516.00,0.11%,-0.08%,-0.18,0.00%
2026-04-24,227.14,227.09,227.20,227.09,52057995,52240576100.00,0.05%,-0.02%,-0.04,0.00%
2026-04-23,227.21,227.13,227.21,227.13,55951831,56143421460.00,0.04%,-0.03%,-0.07,0.00%
2026-04-22,227.09,227.20,227.21,227.08,52099193,52259148070.00,0.06%,0.07%,0.17,0.00%
2026-04-21,226.92,227.03,227.05,226.91,49852602,49913133841.00,0.06%,0.06%,0.13,0.00%
2026-04-20,226.86,226.90,226.93,226.86,48607231,48660839669.00,0.03%,0.04%,0.08,0.00%
2026-04-17,226.71,226.82,226.86,226.71,48558614,48585872623.00,0.07%,0.06%,0.13,0.00%
2026-04-16,226.69,226.69,226.70,226.65,48174574,48179064736.00,0.02%,0.01%,0.02,0.00%
2026-04-15,226.66,226.67,226.69,226.60,52903300,52920842571.00,0.04%,0.01%,0.03,0.00%
2026-04-14,226.55,226.64,226.66,226.54,70277495,70227179131.00,0.05%,0.05%,0.11,0.00%
2026-04-13,226.34,226.53,226.54,226.34,57758616,57633007413.00,0.09%,0.11%,0.24,0.00%
2026-04-10,226.34,226.29,226.37,226.29,50545331,50419123464.00,0.04%,-0.02%,-0.04,0.00%
2026-04-09,226.25,226.33,226.34,226.25,48707726,48519318454.00,0.04%,0.04%,0.10,0.00%
2026-04-08,226.17,226.23,226.26,226.16,59700180,59488715496.00,0.04%,0.04%,0.08,0.00%
2026-04-07,226.11,226.15,226.17,226.11,55067375,54856025826.00,0.03%,0.04%,0.10,0.00%
2026-04-03,226.04,226.05,226.10,226.04,38863841,38568368932.00,0.03%,0.01%,0.02,0.00%
2026-04-02,226.07,226.03,226.08,226.01,60741010,60365771921.00,0.03%,-0.01%,-0.02,0.00%
2026-04-01,226.11,226.05,226.11,226.03,67015680,66822006815.00,0.04%,-0.02%,-0.04,0.00%
2026-03-31,226.04,226.09,226.11,226.03,32319263,32192031822.00,0.04%,0.03%,0.07,0.00%
2026-03-30,225.95,226.02,226.04,225.94,37212486,36898236041.00,0.04%,0.05%,0.12,0.00%
2026-03-27,225.93,225.90,225.93,225.87,62485096,62169202017.00,0.03%,-0.01%,-0.02,0.00%
2026-03-26,225.83,225.92,225.92,225.82,56679347,56431773736.00,0.04%,0.05%,0.11,0.00%
2026-03-25,225.77,225.81,225.82,225.77,54730096,54444787073.00,0.02%,0.03%,0.06,0.00%
2026-03-24,225.66,225.75,225.77,225.66,59791037,59358121863.00,0.05%,0.05%,0.11,0.00%
2026-03-23,225.74,225.64,225.75,225.64,49784434,49384338856.00,0.05%,-0.03%,-0.06,0.00%
2026-03-20,225.79,225.70,225.79,225.69,32722311,32438113380.00,0.04%,-0.04%,-0.08,0.00%
2026-03-19,225.73,225.78,225.99,225.69,58052049,57762922184.00,0.13%,0.03%,0.06,0.00%
2026-03-18,225.65,225.72,225.74,225.63,53560690,53151731559.00,0.05%,0.04%,0.09,0.00%
2026-03-17,225.63,225.63,225.66,225.59,49799234,49414698835.00,0.03%,0.00%,0.01,0.00%
2026-03-16,225.80,225.62,225.80,225.59,39205780,38820137948.00,0.09%,-0.06%,-0.14,0.00%
2026-03-13,225.77,225.76,225.81,225.72,43883186,43393702427.00,0.04%,0.00%,0.01,0.00%
2026-03-12,225.77,225.75,225.78,225.74,41253174,40900274227.00,0.02%,0.00%,0.00,0.00%
2026-03-11,225.85,225.75,225.85,225.74,50697040,50420664201.00,0.05%,-0.04%,-0.08,0.00%
2026-03-10,225.88,225.83,225.91,225.77,52256341,52054392609.00,0.06%,-0.02%,-0.04,0.00%
